{"0": [[2.513968776119403, 3.605877700000004, 4.4036185307692275], [0.19940476190476192, 0.23809523809523808, 0.19345238095238096], [0.01348274735243922, 0.019276716196993577, 0.009504308597058623]], "1": [[2.531257727272727, 3.601722782608696, 4.393769442028988], [0.19642857142857142, 0.13690476190476192, 0.20535714285714285], [0.013462628618280018, 0.017984184516361086, 0.009559337129134761]], "2": [[2.5484024324324333, 3.585515219512194, 4.404882253846159], [0.22023809523809523, 0.24404761904761904, 0.19345238095238096], [0.013587185409752284, 0.019285152161964074, 0.009504308597058623]], "3": [[2.543150736842105, 3.5923520000000013, 4.403460167883214], [0.16964285714285715, 0.16071428571428573, 0.20386904761904762], [0.013214968748237674, 0.01853010237034757, 0.009553288950175562]], "4": [[2.5257832361111117, 3.593001297297298, 4.391575160583942], [0.21428571428571427, 0.22023809523809523, 0.20386904761904762], [0.013563569494019963, 0.019215181880949523, 0.009553288950175562]], "5": [[2.567295863636364, 3.6044270588235285, 4.408674932038833], [0.18487394957983194, 0.13934426229508196, 0.2150313152400835], [0.015887198307064188, 0.021180311007334803, 0.011362633491706046]], "6": [[2.5585378076923075, 3.609378227272731, 4.404184250000001], [0.2184873949579832, 0.18032786885245902, 0.19206680584551147], [0.016136315917885394, 0.022119912679410013, 0.011248592385561303]], "7": [[2.584914660377359, 3.5313118, 4.4085298571428515], [0.22268907563025211, 0.2459016393442623, 0.18997912317327767], [0.016153908211991797, 0.02263240322767299, 0.011234855712873438]], "8": [[2.511738130434783, 3.6059478666666664, 4.405580440860211], [0.19327731092436976, 0.2459016393442623, 0.1941544885177453], [0.015968877541114757, 0.02263240322767299, 0.011261737579985146]], "9": [[2.547184392156862, 3.577405500000001, 4.409094387387387], [0.19318181818181818, 0.24242424242424243, 0.21022727272727273], [0.01516134624458282, 0.021754634501524348, 0.010804921969852506]], "10": [[2.5565232999999994, 3.5835523333333326, 4.403078240740744], [0.1893939393939394, 0.1590909090909091, 0.20454545454545456], [0.015127956580993019, 0.020869396268341004, 0.010780697224639058]], "11": [[2.541621259259259, 3.5988451904761907, 4.409116381443297], [0.20454545454545456, 0.1590909090909091, 0.18371212121212122], [0.015246208226922542, 0.020869396268341004, 0.010658095918315213]], "12": [[2.571210489361703, 3.588866611111111, 4.414019061728396], [0.24479166666666666, 0.1875, 0.2109375], [0.018040217546416628, 0.025057535208665646, 0.01267314077878486]], "13": [[2.5211972000000005, 3.633534333333335, 4.406236985294123], [0.18229166666666666, 0.21875, 0.17708333333333334], [0.01765714768434897, 0.02540908510438082, 0.012437762453886678]], "14": [[2.530522675, 3.597477043478258, 4.389363106666666], [0.23809523809523808, 0.27380952380952384, 0.22321428571428573], [0.019276716196993577, 0.027218164114271512, 0.013597227964046213]], "timestep": 0}
{"0": [[2.5125362537313425, 3.6045162500000023, 4.4040792615384605], [0.2, 0.23952095808383234, 0.19316493313521546], [0.013506721577097982, 0.01933690054012103, 0.009495724386025755]], "1": [[2.5272733030303023, 3.599639782608697, 4.394456210144931], [0.19701492537313434, 0.1377245508982036, 0.2050520059435364], [0.013486785664364623, 0.018060108314276676, 0.009551011957619615]], "2": [[2.54833227027027, 3.582590463414631, 4.4025961], [0.2208955223880597, 0.24550898203592814, 0.19316493313521546], [0.013609771248365056, 0.019344005892472385, 0.009495724386025755]], "3": [[2.542843428571429, 3.5926587037037043, 4.398896467153286], [0.16716417910447762, 0.16167664670658682, 0.20356612184249628], [0.013205098302036495, 0.018603770627930914, 0.009544930164861043]], "4": [[2.5243579166666668, 3.5912296666666657, 4.3866583985507255], [0.21492537313432836, 0.2155688622754491, 0.2050520059435364], [0.013586570592059309, 0.019246924328605433, 0.009551011957619615]], "5": [[2.5674162727272725, 3.600236352941177, 4.409794844660192], [0.18487394957983194, 0.13934426229508196, 0.2150313152400835], [0.015887198307064188, 0.021180311007334803, 0.011362633491706046]], "6": [[2.5602942115384617, 3.609485045454544, 4.404087347826085], [0.2184873949579832, 0.18032786885245902, 0.19206680584551147], [0.016136315917885394, 0.022119912679410013, 0.011248592385561303]], "7": [[2.5851133018867927, 3.531357466666665, 4.4069944175824185], [0.22268907563025211, 0.2459016393442623, 0.18997912317327767], [0.016153908211991797, 0.02263240322767299, 0.011234855712873438]], "8": [[2.512378978260869, 3.6068119666666667, 4.407561806451615], [0.19327731092436976, 0.2459016393442623, 0.1941544885177453], [0.015968877541114757, 0.02263240322767299, 0.011261737579985146]], "9": [[2.547249686274509, 3.5786960625000006, 4.409079135135132], [0.19318181818181818, 0.24242424242424243, 0.21022727272727273], [0.01516134624458282, 0.021754634501524348, 0.010804921969852506]], "10": [[2.556485879999999, 3.583449809523808, 4.403186027777774], [0.1893939393939394, 0.1590909090909091, 0.20454545454545456], [0.015127956580993019, 0.020869396268341004, 0.010780697224639058]], "11": [[2.541566851851852, 3.599447571428572, 4.408970927835049], [0.20454545454545456, 0.1590909090909091, 0.18371212121212122], [0.015246208226922542, 0.020869396268341004, 0.010658095918315213]], "12": [[2.571727255319149, 3.5892892222222232, 4.414562716049383], [0.24479166666666666, 0.1875, 0.2109375], [0.018040217546416628, 0.025057535208665646, 0.01267314077878486]], "13": [[2.5213141999999995, 3.633525047619049, 4.406109661764703], [0.18229166666666666, 0.21875, 0.17708333333333334], [0.01765714768434897, 0.02540908510438082, 0.012437762453886678]], "14": [[2.5305259749999998, 3.5976800434782614, 4.389415026666666], [0.23809523809523808, 0.27380952380952384, 0.22321428571428573], [0.019276716196993577, 0.027218164114271512, 0.013597227964046213]], "timestep": 100}
{"0": [[2.5137429253731347, 3.6051069000000036, 4.403721423076927], [0.19940476190476192, 0.23809523809523808, 0.19345238095238096], [0.01348274735243922, 0.019276716196993577, 0.009504308597058623]], "1": [[2.530383846153846, 3.6031784347826106, 4.394159507142857], [0.19345238095238096, 0.13690476190476192, 0.20833333333333334], [0.013441122118939507, 0.017984184516361086, 0.009570747496318473]], "2": [[2.549683613333334, 3.585198585365855, 4.405115868217054], [0.22321428571428573, 0.24404761904761904, 0.19196428571428573], [0.013597227964046213, 0.019285152161964074, 0.009496329844230779]], "3": [[2.5415601228070166, 3.5926619629629624, 4.401694227941173], [0.16964285714285715, 0.16071428571428573, 0.20238095238095238], [0.013214968748237674, 0.01853010237034757, 0.009547008766338504]], "4": [[2.5253866805555547, 3.594071027027027, 4.390968788321168], [0.21428571428571427, 0.22023809523809523, 0.20386904761904762], [0.013563569494019963, 0.019215181880949523, 0.009553288950175562]], "5": [[2.567518727272727, 3.6010218823529403, 4.409760262135924], [0.18487394957983194, 0.13934426229508196, 0.21458333333333332], [0.015887198307064188, 0.021180311007334803, 0.011349179749665718]], "6": [[2.5591698846153843, 3.6095625909090914, 4.404018774193549], [0.2184873949579832, 0.18032786885245902, 0.19375], [0.016136315917885394, 0.022119912679410013, 0.011247501959016496]], "7": [[2.584961735849056, 3.5306428666666685, 4.408104692307689], [0.22268907563025211, 0.2459016393442623, 0.18958333333333333], [0.016153908211991797, 0.02263240322767299, 0.011220477680045722]], "8": [[2.5125007173913048, 3.6068038666666684, 4.407000978494621], [0.19327731092436976, 0.2459016393442623, 0.19375], [0.015968877541114757, 0.02263240322767299, 0.011247501959016496]], "9": [[2.5470498039215688, 3.576946531250001, 4.408919666666665], [0.19318181818181818, 0.24242424242424243, 0.21022727272727273], [0.01516134624458282, 0.021754634501524348, 0.010804921969852506]],