{"0": [[2.5151598144246354, 3.5694292660406877, 4.351537213531487, 5.032082574132488, 5.621509918076929, 6.158116756587217, 6.652112147411125, 7.111721244865731, 7.544003318551593, 7.951117452948074, 8.34006358439555, 8.708945898584956, 9.065107591071435, 9.738086728885433, 10.057352134793486, 10.367424399282655, 10.66648600248284, 10.960352638292374, 11.243749727488163, 11.522327084220686, 11.970422660562326, 12.55019635118432, 13.016824124182405, 13.305337459708376, 13.909192010898863, 14.43379290205564, 15.100112981754883, 15.697111786947891, 16.31475749210658, 16.837602712686795, 17.251902158399876, 17.619676037244748, 18.14934000049006, 18.615612737710276, 18.98466445256289, 19.42917855343442], [0.320436250324591, 0.3317757009345794, 0.33220735351435626, 0.3294362171992725, 0.3377939456931272, 0.3104791585508376, 0.3360820725926888, 0.329002079002079, 0.3300138552130239, 0.3327270365077303, 0.3362337662337662, 0.33000389155532495, 0.3399973979790971, 0.3362074554294976, 0.30799169693824596, 0.326142049515888, 0.33426704014939307, 0.3329577464788732, 0.3296445775289676, 0.3346724551286205, 0.3359473159741779, 0.3292306649035364, 0.3295849997403002, 0.3367577695935905, 0.3365101503176817, 0.32914919021522826, 0.33425840271353685, 0.32260061919504646, 0.33255988800165925, 0.3362190851151763, 0.33449241196404894, 0.3320280296784831, 0.3324260895074807, 0.3362521276782424, 0.33220501357177074, 0.3307765674413935], [0.003958246612540799, 0.005564937213864874, 0.0027830830051139323, 0.00394145564083133, 0.0027744149071125086, 0.004869725296104969, 0.0019632738466143253, 0.005576056877038561, 0.0022748071946696743, 0.0027822960859523655, 0.002776340738627784, 0.0027842052779555723, 0.0016008726781043172, 0.001961606990546945, 0.0039783495683580975, 0.0019745398877446412, 0.002484164082546274, 0.0016067137068096502, 0.0027898058095178493, 0.0019627875636622962, 0.0016038400077298877, 0.0014240266489772108, 0.0012460409512561142, 0.0019576982830357154, 0.001237923264822475, 0.001353219210668064, 0.0008242197009725202, 0.0019308599420419157, 0.0008789265526480866, 0.0011362406170953379, 0.0013237867433638511, 0.001108584320652288, 0.0009855977257041083, 0.0010205298749662232, 0.0013797844495826229, 0.0007742496944397294]], "1": [[2.493091752460257, 3.536551420807454, 4.350273087872764, 5.033738492641363, 5.63075554642434, 6.161308982456137, 6.652032073450807, 7.1160194354587745, 7.543710928405858, 7.951287535101456, 8.339501078247268, 8.711422169761336, 9.06655060242553, 9.736807839868694, 10.056628275679762, 10.367288245412833, 10.668696281499713, 10.960166788359135, 11.244821181782674, 11.522573565183615, 11.970443318578345, 12.550489772545053, 13.01665160388354, 13.306609193735254, 13.912081190886399, 14.436870081337602, 15.100740742294585, 15.695227731940514, 16.314597658800608, 16.83746626099504, 17.25124850464785, 17.61971436531686, 18.147706040344367, 18.61228599234648, 18.984734187929586, 19.427698499565526], [0.34302778499091147, 0.3343717549325026, 0.3267506820839288, 0.3354117952714991, 0.328829414057425, 0.3552785352551617, 0.3279657165119148, 0.3341995841995842, 0.336248701073779, 0.3331167987527608, 0.33194805194805194, 0.342327150084317, 0.32898217615681513, 0.3356239870340357, 0.3435391800726518, 0.33998310481512767, 0.33758688660649444, 0.3335644637053088, 0.3315974482489259, 0.33350612324240264, 0.33278454139768643, 0.33838537958159565, 0.3343634758219498, 0.33417328939717, 0.32987241076501883, 0.3387625141597526, 0.3294046436198764, 0.3437151702786378, 0.33508762833143213, 0.33136841189393773, 0.33284219832031825, 0.3299258037922506, 0.3312526483914078, 0.3347430115640409, 0.339166533610091, 0.33489282666532805], [0.003910279241068911, 0.005557032111856837, 0.002791101173524192, 0.003928666371932614, 0.002788099586807809, 0.00475221978398946, 0.001971923327380259, 0.005560450348504208, 0.002267049870962319, 0.0027817032646259175, 0.0027829318566200893, 0.0027648933019823597, 0.0016106976595216748, 0.001962252059567667, 0.00390754926181194, 0.001959636256635595, 0.0024795206298172915, 0.0016061789783132809, 0.002786899529773174, 0.001964054587283555, 0.001606656913175701, 0.0014168530953636415, 0.0012428217343494778, 0.0019605387667397107, 0.0012424361319323314, 0.0013460510837421274, 0.0008263850796695672, 0.0019086562606515603, 0.0008777014940950416, 0.0011392849147275647, 0.0013249907796942949, 0.0011098335601001802, 0.000986223169708603, 0.001021394507373796, 0.001374394838880336, 0.0007725108373228372]], "2": [[2.5210394976851846, 3.559973723172628, 4.358018104380956, 5.022625613953487, 5.61685263600936, 6.156770328671312, 6.651459626981056, 7.1101360725308576, 7.542250091074223, 7.950109342534995, 8.338381611741669, 8.71030075217735, 9.065409187082414, 9.737263534176199, 10.057532757259846, 10.367279367458156, 10.668459023079315, 10.960084050682209, 11.244511986933158, 11.522621286858065, 11.970961611300087, 12.55007952973588, 13.016401730293623, 13.306451977223682, 13.911852330262512, 14.4345589093756, 15.100142284549863, 15.698234201150429, 16.31377344787235, 16.8366913879076, 17.251849679334097, 17.620718901353914, 18.151029140821908, 18.615732742546427, 18.983939123506108, 19.42691826912095], [0.33653596468449753, 0.333852544132918, 0.34104196440171497, 0.33515198752922837, 0.33337664024944785, 0.3342423061940008, 0.3359522108953964, 0.3367983367983368, 0.3337374437131971, 0.3341561647395089, 0.33181818181818185, 0.32766895836035803, 0.33102042586408775, 0.3281685575364668, 0.3484691229891022, 0.33387484566898434, 0.32814607324411244, 0.333477789815818, 0.3387579742221065, 0.3318214216289769, 0.3312681426281357, 0.33238395551486793, 0.33605152443774994, 0.3290689410092395, 0.33361743891729945, 0.3320882956250191, 0.3363369536665867, 0.3336842105263158, 0.3323524836669086, 0.3324125029908859, 0.3326653897156328, 0.3380461665292663, 0.3363212621011115, 0.3290048607577167, 0.3286284528181383, 0.33433060589327845], [0.003925157318260523, 0.005558629091545509, 0.0027691663344500974, 0.0039292379745378535, 0.0027813067992959054, 0.0048138137965122, 0.0019634176668235524, 0.00555234705762941, 0.0022702308687342775, 0.002780111410823962, 0.0027831273427224613, 0.002787611154573955, 0.0016089579221180658, 0.001970181154669539, 0.0038956395128936097, 0.0019664607889122183, 0.0024923431228801507, 0.001606255560828331, 0.002775759515080037, 0.0019658596197488663, 0.0016079771485745557, 0.0014216273358831153, 0.0012416483785406417, 0.0019659438098992344, 0.001239925722732993, 0.0013510981846469557, 0.000823260780009275, 0.0019197730514880313, 0.0008790257436675003, 0.0011386416797769905, 0.0013251186446059443, 0.001104863957703366, 0.000983469828766099, 0.0010245689677627267, 0.0013824150743167918, 0.0007727524520738459]],