{"0": [[2.511828127272727, 3.6066215000000006, 4.403462937984497], [0.17684887459807075, 0.16560509554140126, 0.20673076923076922], [0.013818117726415044, 0.019261105821509347, 0.009925775210555269]], "1": [[2.5292282096774206, 3.545769689655173, 4.395985035211267], [0.19935691318327975, 0.18471337579617833, 0.22756410256410256], [0.014013859858021243, 0.0195586805234293, 0.009986900364955757]], "2": [[2.55455147368421, 3.606278189189191, 4.403438185483869], [0.1832797427652733, 0.2356687898089172, 0.1987179487179487], [0.013883154230435422, 0.01993529336157973, 0.009890314034779397]], "3": [[2.535372612903226, 3.5731337000000014, 4.396887072072076], [0.19935691318327975, 0.1910828025477707, 0.1778846153846154], [0.014013859858021243, 0.019636719246170664, 0.009762976738399954]], "4": [[2.524597733333333, 3.6003565714285735, 4.399498644067795], [0.24115755627009647, 0.2229299363057325, 0.1891025641025641], [0.014171685560824163, 0.01989029100294865, 0.009838140951843183]], "5": [[2.5701884062500007, 3.5883239130434785, 4.397925405063288], [0.14035087719298245, 0.20175438596491227, 0.17324561403508773], [0.015515800342931181, 0.023172668041007222, 0.011378685222736619]], "6": [[2.5523431454545458, 3.5903893888888914, 4.40238175490196], [0.2412280701754386, 0.15789473684210525, 0.2236842105263158], [0.01655146712792453, 0.022427949353265232, 0.011673064252840875]], "7": [[2.5762367027027024, 3.5707557407407395, 4.3933970470588255], [0.16228070175438597, 0.23684210526315788, 0.18640350877192982], [0.01593148100757846, 0.023397988872246128, 0.011489155171207648]], "8": [[2.5117416428571424, 3.5986384399999998, 4.413246401960785], [0.24561403508771928, 0.21929824561403508, 0.2236842105263158], [0.01655536918318316, 0.023320486588120748, 0.011673064252840875]], "9": [[2.544119040816326, 3.576936612903225, 4.406849330188681], [0.17753623188405798, 0.2246376811594203, 0.19202898550724637], [0.01467589347608208, 0.021223689257086245, 0.010478207478198609]], "10": [[2.5571369830508486, 3.5966799999999997, 4.412919493827161], [0.213768115942029, 0.2246376811594203, 0.14673913043478262], [0.014962909716805861, 0.021223689257086245, 0.010058715671063529]], "11": [[2.5408865892857135, 3.5994967391304304, 4.394420639639643], [0.2028985507246377, 0.16666666666666666, 0.20108695652173914], [0.01490040176502299, 0.020564793496866653, 0.010527500012937833]], "12": [[2.5709568000000007, 3.58443532, 4.393452168674698], [0.16203703703703703, 0.23148148148148148, 0.19212962962962962], [0.01636403436139081, 0.024021980355338514, 0.0118451255028921]], "13": [[2.500088159090909, 3.587246416666668, 4.404213975609757], [0.2037037037037037, 0.2222222222222222, 0.18981481481481483], [0.016849207333221317, 0.02397757785933198, 0.011829070135821696]], "14": [[2.537952387096774, 3.5910094999999997, 4.393710569230767], [0.18452380952380953, 0.14285714285714285, 0.19345238095238096], [0.01890513356200951, 0.02565231278240239, 0.013441122118939507]], "timestep": 0}
{"0": [[2.5117589090909083, 3.6068876538461514, 4.403468534883719], [0.17684887459807075, 0.16560509554140126, 0.20673076923076922], [0.013818117726415044, 0.019261105821509347, 0.009925775210555269]], "1": [[2.529191951612904, 3.545832206896553, 4.39599036619718], [0.19935691318327975, 0.18471337579617833, 0.22756410256410256], [0.014013859858021243, 0.0195586805234293, 0.009986900364955757]], "2": [[2.5544979473684206, 3.606260675675675, 4.4033579838709676], [0.1832797427652733, 0.2356687898089172, 0.1987179487179487], [0.013883154230435422, 0.01993529336157973, 0.009890314034779397]], "3": [[2.535426564516129, 3.572963466666665, 4.3967732522522525], [0.19935691318327975, 0.1910828025477707, 0.1778846153846154], [0.014013859858021243, 0.019636719246170664, 0.009762976738399954]], "4": [[2.524617360000001, 3.6002569142857155, 4.3994768813559295], [0.24115755627009647, 0.2229299363057325, 0.1891025641025641], [0.014171685560824163, 0.01989029100294865, 0.009838140951843183]], "5": [[2.57002465625, 3.588291869565217, 4.397832050632911], [0.14035087719298245, 0.20175438596491227, 0.17324561403508773], [0.015515800342931181, 0.023172668041007222, 0.011378685222736619]], "6": [[2.5522053636363644, 3.590437333333336, 4.402500990196079], [0.2412280701754386, 0.15789473684210525, 0.2236842105263158], [0.01655146712792453, 0.022427949353265232, 0.011673064252840875]], "7": [[2.576198297297297, 3.5713590740740755, 4.393165211764709], [0.16228070175438597, 0.23684210526315788, 0.18640350877192982], [0.01593148100757846, 0.023397988872246128, 0.011489155171207648]], "8": [[2.5116287857142856, 3.5980415999999993, 4.413039686274511], [0.24561403508771928, 0.21929824561403508, 0.2236842105263158], [0.01655536918318316, 0.023320486588120748, 0.011673064252840875]], "9": [[2.5441146326530615, 3.576549225806451, 4.406825943396225], [0.17753623188405798, 0.2246376811594203, 0.19202898550724637], [0.01467589347608208, 0.021223689257086245, 0.010478207478198609]], "10": [[2.5572103559322037, 3.5972256774193547, 4.413538543209875], [0.213768115942029, 0.2246376811594203, 0.14673913043478262], [0.014962909716805861, 0.021223689257086245, 0.010058715671063529]], "11": [[2.540997982142857, 3.599504826086958, 4.39427391891892], [0.2028985507246377, 0.16666666666666666, 0.20108695652173914], [0.01490040176502299, 0.020564793496866653, 0.010527500012937833]], "12": [[2.5708227714285714, 3.584560039999998, 4.393679373493975], [0.16203703703703703, 0.23148148148148148, 0.19212962962962962], [0.01636403436139081, 0.024021980355338514, 0.0118451255028921]], "13": [[2.500359068181818, 3.5871935833333346, 4.404412121951221], [0.2037037037037037, 0.2222222222222222, 0.18981481481481483], [0.016849207333221317, 0.02397757785933198, 0.011829070135821696]], "14": [[2.5379707419354838, 3.590697916666668, 4.393584538461538], [0.18452380952380953, 0.14285714285714285, 0.19345238095238096], [0.01890513356200951, 0.02565231278240239, 0.013441122118939507]], "timestep": 100}
{"0": [[2.5117463272727263, 3.6068425384615406, 4.40343919379845], [0.17684887459807075, 0.16560509554140126, 0.20673076923076922], [0.013818117726415044, 0.019261105821509347, 0.009925775210555269]], "1": [[2.5292255806451607, 3.545876275862069, 4.3959523028169025], [0.19935691318327975, 0.18471337579617833, 0.22756410256410256], [0.014013859858021243, 0.0195586805234293, 0.009986900364955757]], "2": [[2.5544566140350864, 3.6062442162162163, 4.403374056451614], [0.1832797427652733, 0.2356687898089172, 0.1987179487179487], [0.013883154230435422, 0.01993529336157973, 0.009890314034779397]], "3": [[2.5353989516129034, 3.5730089666666656, 4.39678671171171], [0.19935691318327975, 0.1910828025477707, 0.1778846153846154], [0.014013859858021243, 0.019636719246170664, 0.009762976738399954]], "4": [[2.52461948, 3.600208171428573, 4.399455211864406], [0.24115755627009647, 0.2229299363057325, 0.1891025641025641], [0.014171685560824163, 0.01989029100294865, 0.009838140951843183]], "5": [[2.5700881875, 3.5883749565217395, 4.397829569620252], [0.14035087719298245, 0.20175438596491227, 0.17324561403508773], [0.015515800342931181, 0.023172668041007222, 0.011378685222736619]], "6": [[2.552183454545454, 3.5904582777777767, 4.402491343137254], [0.2412280701754386, 0.15789473684210525, 0.2236842105263158], [0.01655146712792453, 0.022427949353265232, 0.011673064252840875]], "7": [[2.5762604054054052, 3.5711495555555555, 4.39323314117647], [0.16228070175438597, 0.23684210526315788, 0.18640350877192982], [0.01593148100757846, 0.023397988872246128, 0.011489155171207648]], "8": [[2.5116405714285714, 3.5981267999999975, 4.413066009803923], [0.24561403508771928, 0.21929824561403508, 0.2236842105263158], [0.01655536918318316, 0.023320486588120748, 0.011673064252840875]], "9": [[2.544138693877551, 3.576710677419354, 4.406815518867924], [0.17753623188405798, 0.2246376811594203, 0.19202898550724637], [0.01467589347608208, 0.021223689257086245, 0.010478207478198609]],