{"0": [[2.5116310454545445, 3.6052618181818215, 4.3987593636363655], [0.19298245614035087, 0.19298245614035087, 0.16923076923076924], [0.016312624540209226, 0.023069534862664057, 0.011351975184979577]], "1": [[2.5373737567567574, 3.570645, 4.388558000000003], [0.16228070175438597, 0.13157894736842105, 0.2087912087912088], [0.01593148100757846, 0.0216500406038147, 0.011633243188776392]], "2": [[2.542275183673469, 3.5786398181818173, 4.39915719587629], [0.2149122807017544, 0.19298245614035087, 0.21318681318681318], [0.016468840899958957, 0.023069534862664057, 0.011651489366357584]], "3": [[2.548950744186046, 3.6039400357142855, 4.408808409999999], [0.18859649122807018, 0.24561403508771928, 0.21978021978021978], [0.016270587529000687, 0.023412827628951208, 0.011674566353000102]], "4": [[2.5238169090909097, 3.6073094074074055, 4.389652604651163], [0.2412280701754386, 0.23684210526315788, 0.189010989010989], [0.01655146712792453, 0.023397988872246128, 0.011520607273460753]], "5": [[2.5635879473684215, 3.5783921250000006, 4.397363598039218], [0.17592592592592593, 0.14953271028037382, 0.2361111111111111], [0.01656871063286039, 0.022927304836700357, 0.012018582523727454]], "6": [[2.555451860465116, 3.5685883684210533, 4.404233], [0.19907407407407407, 0.17757009345794392, 0.21064814814814814], [0.016813236617180476, 0.02357102443321413, 0.011947112205589801]], "7": [[2.574711861111111, 3.5738654814814828, 4.395899117021278], [0.16666666666666666, 0.2523364485981308, 0.2175925925925926], [0.016437547487114915, 0.024167886937227483, 0.011974033810603215]], "8": [[2.51479158490566, 3.6061839999999994, 4.399123999999997], [0.24537037037037038, 0.2523364485981308, 0.18518518518518517], [0.017008873411341337, 0.024167886937227483, 0.01179460674861494]], "9": [[2.5501851250000005, 3.5914645999999983, 4.402935795918367], [0.2, 0.20833333333333334, 0.2045929018789144], [0.015957568972123238, 0.022648522308848403, 0.011318915752064963]], "10": [[2.5572143829787235, 3.5924772631578947, 4.4082380253164555], [0.19583333333333333, 0.15833333333333333, 0.1649269311064718], [0.015924240191132925, 0.02187036815089706, 0.011020025646084456]], "11": [[2.540814066666667, 3.599421814814815, 4.40040202040816], [0.1875, 0.225, 0.2045929018789144], [0.015847776761849196, 0.022761674282778206, 0.011318915752064963]], "12": [[2.5684630158730166, 3.6045484615384598, 4.411521633663369], [0.22826086956521738, 0.1897810218978102, 0.18297101449275363], [0.015018476670261016, 0.02100503360240297, 0.010418532863748569]], "13": [[2.505944841269841, 3.6115100937500015, 4.403206165217392], [0.22826086956521738, 0.23357664233576642, 0.20833333333333334], [0.015018476670261016, 0.02133510762626821, 0.010559927976269574]], "14": [[2.5359852444444444, 3.6007222916666652, 4.395356857142858], [0.1875, 0.2, 0.20416666666666666], [0.015847776761849196, 0.022567410462880768, 0.011305057049276684]], "timestep": 0}
{"0": [[2.5114139090909093, 3.6056131363636363, 4.398709116883117], [0.19298245614035087, 0.19298245614035087, 0.16923076923076924], [0.016312624540209226, 0.023069534862664057, 0.011351975184979577]], "1": [[2.5379528108108103, 3.5717379333333343, 4.388442842105263], [0.16228070175438597, 0.13157894736842105, 0.2087912087912088], [0.01593148100757846, 0.0216500406038147, 0.011633243188776392]], "2": [[2.542261469387755, 3.5784612272727254, 4.399090257731961], [0.2149122807017544, 0.19298245614035087, 0.21318681318681318], [0.016468840899958957, 0.023069534862664057, 0.011651489366357584]], "3": [[2.5487438372093023, 3.6039312857142862, 4.40861892], [0.18859649122807018, 0.24561403508771928, 0.21978021978021978], [0.016270587529000687, 0.023412827628951208, 0.011674566353000102]], "4": [[2.523817636363636, 3.607269925925925, 4.389757348837209], [0.2412280701754386, 0.23684210526315788, 0.189010989010989], [0.01655146712792453, 0.023397988872246128, 0.011520607273460753]], "5": [[2.5636465789473677, 3.5786461875000013, 4.397283598039214], [0.17592592592592593, 0.14953271028037382, 0.2361111111111111], [0.01656871063286039, 0.022927304836700357, 0.012018582523727454]], "6": [[2.5554313255813947, 3.56861952631579, 4.4042205054945045], [0.19907407407407407, 0.17757009345794392, 0.21064814814814814], [0.016813236617180476, 0.02357102443321413, 0.011947112205589801]], "7": [[2.5746946388888885, 3.5735636666666672, 4.395921180851065], [0.16666666666666666, 0.2523364485981308, 0.2175925925925926], [0.016437547487114915, 0.024167886937227483, 0.011974033810603215]], "8": [[2.51480375471698, 3.606216703703705, 4.399120487500001], [0.24537037037037038, 0.2523364485981308, 0.18518518518518517], [0.017008873411341337, 0.024167886937227483, 0.01179460674861494]], "9": [[2.5501986874999996, 3.5896883749999966, 4.402747704081629], [0.2, 0.20168067226890757, 0.2045929018789144], [0.015957568972123238, 0.022679857921837392, 0.011318915752064963]], "10": [[2.5577649999999994, 3.592904578947368, 4.406299291139243], [0.19583333333333333, 0.15966386554621848, 0.1649269311064718], [0.015924240191132925, 0.02199304032930312, 0.011020025646084456]], "11": [[2.5407449111111116, 3.5996011851851866, 4.400460469387753], [0.1875, 0.226890756302521, 0.2045929018789144], [0.015847776761849196, 0.022866104880087914, 0.011318915752064963]], "12": [[2.5685353492063485, 3.6046837692307703, 4.411354950495049], [0.22826086956521738, 0.1897810218978102, 0.18297101449275363], [0.015018476670261016, 0.02100503360240297, 0.010418532863748569]], "13": [[2.5059364603174603, 3.6115698125, 4.403191643478261], [0.22826086956521738, 0.23357664233576642, 0.20833333333333334], [0.015018476670261016, 0.02133510762626821, 0.010559927976269574]], "14": [[2.5360799333333337, 3.600986000000001, 4.39541693877551], [0.1875, 0.2, 0.20416666666666666], [0.015847776761849196, 0.022567410462880768, 0.011305057049276684]], "timestep": 100}
{"0": [[2.5113975681818186, 3.6056352272727263, 4.39871977922078], [0.19298245614035087, 0.19298245614035087, 0.16923076923076924], [0.016312624540209226, 0.023069534862664057, 0.011351975184979577]], "1": [[2.5380158648648647, 3.5717641999999983, 4.388444968421054], [0.16228070175438597, 0.13157894736842105, 0.2087912087912088], [0.01593148100757846, 0.0216500406038147, 0.011633243188776392]], "2": [[2.542255428571428, 3.578457136363636, 4.399115484536079], [0.2149122807017544, 0.19298245614035087, 0.21318681318681318], [0.016468840899958957, 0.023069534862664057, 0.011651489366357584]], "3": [[2.5487572790697683, 3.6038880357142866, 4.408609039999998], [0.18859649122807018, 0.24561403508771928, 0.21978021978021978], [0.016270587529000687, 0.023412827628951208, 0.011674566353000102]], "4": [[2.5238068363636366, 3.6072865925925934, 4.38975446511628], [0.2412280701754386, 0.23684210526315788, 0.189010989010989], [0.01655146712792453, 0.023397988872246128, 0.011520607273460753]], "5": [[2.563665710526316, 3.578620000000001, 4.397281245098039], [0.17592592592592593, 0.14953271028037382, 0.2361111111111111], [0.01656871063286039, 0.022927304836700357, 0.012018582523727454]], "6": [[2.555444325581396, 3.568613105263157, 4.40423208791209], [0.19907407407407407, 0.17757009345794392, 0.21064814814814814], [0.016813236617180476, 0.02357102443321413, 0.011947112205589801]], "7": [[2.5747008333333334, 3.5735405185185205, 4.395938904255317], [0.16666666666666666, 0.2523364485981308, 0.2175925925925926], [0.016437547487114915, 0.024167886937227483, 0.011974033810603215]], "8": [[2.514801339622641, 3.606221481481481, 4.3991359125], [0.24537037037037038, 0.2523364485981308, 0.18518518518518517], [0.017008873411341337, 0.024167886937227483, 0.01179460674861494]], "9": [[2.5501900208333335, 3.58962183333333, 4.402725877551017], [0.2, 0.20168067226890757, 0.2045929018789144], [0.015957568972123238, 0.022679857921837392, 0.011318915752064963]],