{"0": [[2.5070486808510637, 3.5863703076923064, 4.394504540229882], [0.2175925925925926, 0.24074074074074073, 0.20232558139534884], [0.01693384101126906, 0.024047855065781547, 0.011934573256293558]], "1": [[2.543079575, 3.5975742173913052, 4.406996280000001], [0.18518518518518517, 0.21296296296296297, 0.1744186046511628], [0.01668009282674848, 0.023913476772399574, 0.011728913654805335]], "2": [[2.549679615384614, 3.593832666666668, 4.393589840425528], [0.18055555555555555, 0.16666666666666666, 0.2186046511627907], [0.01662677828881152, 0.023246202588429705, 0.01200529578239717]], "3": [[2.539823739130435, 3.5989396666666673, 4.405253582417587], [0.21296296296296297, 0.19444444444444445, 0.2116279069767442], [0.016909381587510736, 0.023720831044371758, 0.011979028680043502]], "4": [[2.5226985227272727, 3.6057282500000034, 4.396348349397592], [0.2037037037037037, 0.18518518518518517, 0.1930232558139535], [0.016849207333221317, 0.02358921349722988, 0.011878646872395064]], "5": [[2.576044102564102, 3.48393161904762, 4.391580157142855], [0.21910112359550563, 0.23333333333333334, 0.19444444444444445], [0.0186619348950255, 0.02632201480931083, 0.01299243424577124]], "6": [[2.549301325581395, 3.610520350000004, 4.399465437500003], [0.24157303370786518, 0.2222222222222222, 0.2222222222222222], [0.01873287787426852, 0.02626612053578511, 0.013133060267892556]], "7": [[2.56985974074074, 3.538000916666666, 4.404001894736841], [0.15168539325842698, 0.13333333333333333, 0.2111111111111111], [0.017822566642796665, 0.024435450567448926, 0.013089572733892775]], "8": [[2.523023216216216, 3.6165404499999996, 4.4080935468749995], [0.20786516853932585, 0.2222222222222222, 0.17777777777777778], [0.018592670118053555, 0.02626612053578511, 0.012852510636538137]], "9": [[2.547388085106383, 3.5614541250000027, 4.406919192307694], [0.20614035087719298, 0.14035087719298245, 0.22807017543859648], [0.016416682286395576, 0.021942655276046403, 0.011683756155615706]], "10": [[2.5462015, 3.585084705882356, 4.400638061728394], [0.18421052631578946, 0.14912280701754385, 0.17763157894736842], [0.01622466117794416, 0.022200962683585797, 0.011418481278715219]], "11": [[2.539340775510204, 3.5967065384615373, 4.399662616161616], [0.2149122807017544, 0.22807017543859648, 0.21710526315789475], [0.016468840899958957, 0.023367512311231412, 0.01165301448187898]], "12": [[2.566594195652174, 3.561800322580643, 4.411659446601947], [0.17490494296577946, 0.23484848484848486, 0.19507575757575757], [0.015003226120249106, 0.02173909617815686, 0.010731802886804925]], "13": [[2.5200176730769233, 3.609598764705879, 4.398719642857145], [0.19771863117870722, 0.12878787878787878, 0.1856060606060606], [0.015226787786468824, 0.02002610265147143, 0.010671576450183838]], "14": [[2.53114335064935, 3.59717828947368, 4.3942005048543615], [0.2467948717948718, 0.24358974358974358, 0.16506410256410256], [0.014152877583126373, 0.02001268641456616, 0.009656396802261581]], "timestep": 0}
{"0": [[2.506926659574467, 3.5868471153846153, 4.3951532068965475], [0.2175925925925926, 0.24074074074074073, 0.20232558139534884], [0.01693384101126906, 0.024047855065781547, 0.011934573256293558]], "1": [[2.543790975000001, 3.597827826086956, 4.406811999999998], [0.18518518518518517, 0.21296296296296297, 0.1744186046511628], [0.01668009282674848, 0.023913476772399574, 0.011728913654805335]], "2": [[2.5501703684210524, 3.593611111111109, 4.394293957894735], [0.17592592592592593, 0.16666666666666666, 0.22093023255813954], [0.01656871063286039, 0.023246202588429705, 0.01201276170741872]], "3": [[2.539301829787234, 3.601465857142859, 4.405279300000003], [0.2175925925925926, 0.19444444444444445, 0.20930232558139536], [0.01693384101126906, 0.023720831044371758, 0.011968947862724254]], "4": [[2.5228492727272727, 3.604812650000002, 4.39637213253012], [0.2037037037037037, 0.18518518518518517, 0.1930232558139535], [0.016849207333221317, 0.02358921349722988, 0.011878646872395064]], "5": [[2.5761143250000003, 3.5270363499999986, 4.3936583098591555], [0.22346368715083798, 0.2247191011235955, 0.19667590027700832], [0.018630251113569918, 0.026428541516706282, 0.012989771933277564]], "6": [[2.5495814418604654, 3.606124049999999, 4.400820237500001], [0.24022346368715083, 0.2247191011235955, 0.22160664819944598], [0.018678590086417188, 0.026428541516706282, 0.013112868682021288]], "7": [[2.5701912592592597, 3.544363916666667, 4.402188539473684], [0.15083798882681565, 0.1348314606741573, 0.21052631578947367], [0.01775462386746595, 0.02463038381045082, 0.013068692207981568]], "8": [[2.521390486486486, 3.6128792499999998, 4.406915312499997], [0.20670391061452514, 0.2247191011235955, 0.1772853185595568], [0.01853213791684948, 0.026428541516706282, 0.012829858579967926]], "9": [[2.5467648297872345, 3.5610596874999985, 4.407339466019415], [0.20614035087719298, 0.14035087719298245, 0.22587719298245615], [0.016416682286395576, 0.021942655276046403, 0.011678672446154597]], "10": [[2.546785142857142, 3.588394000000001, 4.400995365853657], [0.18421052631578946, 0.15789473684210525, 0.17982456140350878], [0.01622466117794416, 0.022427949353265232, 0.011437244102308048]], "11": [[2.5394033673469387, 3.5969940769230764, 4.399319454545453], [0.2149122807017544, 0.22807017543859648, 0.21710526315789475], [0.016468840899958957, 0.023367512311231412, 0.01165301448187898]], "12": [[2.5664636888888883, 3.5443594242424226, 4.406099114285719], [0.17307692307692307, 0.24812030075187969, 0.20038167938931298], [0.015067009247085305, 0.021677441707582207, 0.010801535245208303]], "13": [[2.52040722, 3.6195179999999976, 4.390267229166667], [0.19230769230769232, 0.12030075187969924, 0.183206106870229], [0.015269997873597167, 0.01964378984031134, 0.010694999044197961]], "14": [[2.5312035194805187, 3.5971592894736837, 4.394252873786408], [0.2467948717948718, 0.24358974358974358, 0.16506410256410256], [0.014152877583126373, 0.02001268641456616, 0.009656396802261581]], "timestep": 100}
{"0": [[2.507058829787234, 3.5868817307692322, 4.394517170454546], [0.2175925925925926, 0.24074074074074073, 0.20465116279069767], [0.01693384101126906, 0.024047855065781547, 0.011946731824528446]], "1": [[2.54369735, 3.598243999999999, 4.40698064], [0.18518518518518517, 0.21296296296296297, 0.1744186046511628], [0.01668009282674848, 0.023913476772399574, 0.011728913654805335]], "2": [[2.5502343684210524, 3.593754166666668, 4.393837191489363], [0.17592592592592593, 0.16666666666666666, 0.2186046511627907], [0.01656871063286039, 0.023246202588429705, 0.01200529578239717]], "3": [[2.539308893617021, 3.599137952380952, 4.405559722222223], [0.2175925925925926, 0.19444444444444445, 0.20930232558139536], [0.01693384101126906, 0.023720831044371758, 0.011968947862724254]], "4": [[2.522754772727272, 3.604558049999999, 4.396364445783132], [0.2037037037037037, 0.18518518518518517, 0.1930232558139535], [0.016849207333221317, 0.02358921349722988, 0.011878646872395064]], "5": [[2.5762127, 3.5269804000000007, 4.393138845070423], [0.22346368715083798, 0.2247191011235955, 0.19667590027700832], [0.018630251113569918, 0.026428541516706282, 0.012989771933277564]], "6": [[2.5496365813953483, 3.605714450000002, 4.401278512500001], [0.24022346368715083, 0.2247191011235955, 0.22160664819944598], [0.018678590086417188, 0.026428541516706282, 0.013112868682021288]], "7": [[2.5702934444444443, 3.5438213333333337, 4.4022705131578945], [0.15083798882681565, 0.1348314606741573, 0.21052631578947367], [0.01775462386746595, 0.02463038381045082, 0.013068692207981568]], "8": [[2.5215014054054055, 3.6132259999999983, 4.406939406250004], [0.20670391061452514, 0.2247191011235955, 0.1772853185595568], [0.01853213791684948, 0.026428541516706282, 0.012829858579967926]], "9": [[2.5470462127659577, 3.5612909375, 4.407539796116506], [0.20614035087719298, 0.14035087719298245, 0.22587719298245615], [0.016416682286395576, 0.021942655276046403, 0.011678672446154597]],