{"0": [[2.5112975344827584, 3.591771848484848, 4.402444140186916], [0.21014492753623187, 0.24087591240875914, 0.19349005424954793], [0.014944142631799277, 0.02135169617571327, 0.010477355512240837]], "1": [[2.544964634615385, 3.604022607142856, 4.407078728070177], [0.18840579710144928, 0.20437956204379562, 0.20614828209764918], [0.014786486850354998, 0.021162782339578468, 0.010541238948676495]], "2": [[2.540824888888889, 3.5977712799999972, 4.3942938130841105], [0.1956521739130435, 0.18248175182481752, 0.19349005424954793], [0.014848011576209297, 0.020905882158453272, 0.010477355512240837]], "3": [[2.5363013620689654, 3.5849785238095224, 4.401271825688071], [0.21014492753623187, 0.15328467153284672, 0.19710669077757687], [0.014944142631799277, 0.020353464333946296, 0.010497567854030056]], "4": [[2.529862518518519, 3.6008672333333305, 4.392058517241382], [0.1956521739130435, 0.21897810218978103, 0.20976491862567812], [0.014848011576209297, 0.021271186875192537, 0.010556072061018598]], "5": [[2.56648609589041, 3.5142355312500024, 4.403616034246576], [0.21220930232558138, 0.1797752808988764, 0.2106782106782107], [0.013395661405209387, 0.01830535306014395, 0.009432849330291763]], "6": [[2.5582539852941175, 3.5964269999999994, 4.409437717741934], [0.19767441860465115, 0.1797752808988764, 0.17893217893217894], [0.013313653960227951, 0.01830535306014395, 0.009271512600281398]], "7": [[2.5816938533333325, 3.572712945945944, 4.401326689655171], [0.2180232558139535, 0.20786516853932585, 0.20923520923520925], [0.013420130938126293, 0.018592670118053555, 0.009427849999869835]], "8": [[2.5143799710144936, 3.5959651315789456, 4.406607525547441], [0.2005813953488372, 0.21348314606741572, 0.1976911976911977], [0.013332538335463518, 0.01863030103811631, 0.009380231244438902]], "9": [[2.546330108108108, 3.560680400000001, 4.402915823529412], [0.20555555555555555, 0.2222222222222222, 0.18888888888888888], [0.018471918655824884, 0.02626612053578511, 0.012950823804753216]], "10": [[2.557047567567568, 3.6029351578947364, 4.404207068965518], [0.20555555555555555, 0.2111111111111111, 0.16111111111111112], [0.018471918655824884, 0.02617914546778555, 0.012663624169540208]], "11": [[2.5416597352941177, 3.599800444444446, 4.40181753164557], [0.18888888888888888, 0.2, 0.21944444444444444], [0.018315230668586324, 0.026058601011313975, 0.013123691198408954]], "12": [[2.571653172413794, 3.6189667, 4.400201901960784], [0.24369747899159663, 0.16393442622950818, 0.2125], [0.022913774502123452, 0.030850964931793765, 0.016039135767777272]], "13": [[2.515290647058823, 3.598829285714286, 4.408582690476189], [0.2857142857142857, 0.22950819672131148, 0.175], [0.02280821012562505, 0.03195313225759669, 0.015706884816927787]], "14": [[2.5382603799999996, 3.602472719999999, 4.398211009345797], [0.18115942028985507, 0.18115942028985507, 0.19384057971014493], [0.014715295234497263, 0.020810570094950208, 0.010488873176140027]], "timestep": 0}
{"0": [[2.5111755689655175, 3.591756848484849, 4.4025472990654215], [0.21014492753623187, 0.24087591240875914, 0.19349005424954793], [0.014944142631799277, 0.02135169617571327, 0.010477355512240837]], "1": [[2.545184711538462, 3.6041928214285712, 4.407078122807015], [0.18840579710144928, 0.20437956204379562, 0.20614828209764918], [0.014786486850354998, 0.021162782339578468, 0.010541238948676495]], "2": [[2.5407992592592596, 3.597901559999997, 4.394261560747662], [0.1956521739130435, 0.18248175182481752, 0.19349005424954793], [0.014848011576209297, 0.020905882158453272, 0.010477355512240837]], "3": [[2.536243724137931, 3.584489476190475, 4.401257926605513], [0.21014492753623187, 0.15328467153284672, 0.19710669077757687], [0.014944142631799277, 0.020353464333946296, 0.010497567854030056]], "4": [[2.529944833333334, 3.6009910666666674, 4.392036793103454], [0.1956521739130435, 0.21897810218978103, 0.20976491862567812], [0.014848011576209297, 0.021271186875192537, 0.010556072061018598]], "5": [[2.5664418082191776, 3.5142503437500014, 4.403637075342466], [0.21220930232558138, 0.1797752808988764, 0.2106782106782107], [0.013395661405209387, 0.01830535306014395, 0.009432849330291763]], "6": [[2.558466117647059, 3.596518374999996, 4.409412879032257], [0.19767441860465115, 0.1797752808988764, 0.17893217893217894], [0.013313653960227951, 0.01830535306014395, 0.009271512600281398]], "7": [[2.5818426666666667, 3.5724010540540574, 4.401413006896551], [0.2180232558139535, 0.20786516853932585, 0.20923520923520925], [0.013420130938126293, 0.018592670118053555, 0.009427849999869835]], "8": [[2.5144222753623193, 3.5959502631578943, 4.406734890510947], [0.2005813953488372, 0.21348314606741572, 0.1976911976911977], [0.013332538335463518, 0.01863030103811631, 0.009380231244438902]], "9": [[2.546510513513514, 3.5605792000000003, 4.4029856470588244], [0.20555555555555555, 0.2222222222222222, 0.18888888888888888], [0.018471918655824884, 0.02626612053578511, 0.012950823804753216]], "10": [[2.5571401351351355, 3.602847999999999, 4.404280879310347], [0.20555555555555555, 0.2111111111111111, 0.16111111111111112], [0.018471918655824884, 0.02617914546778555, 0.012663624169540208]], "11": [[2.541655882352941, 3.599934722222221, 4.4018944303797465], [0.18888888888888888, 0.2, 0.21944444444444444], [0.018315230668586324, 0.026058601011313975, 0.013123691198408954]], "12": [[2.5718399655172415, 3.6193385000000005, 4.400205313725491], [0.24369747899159663, 0.16393442622950818, 0.2125], [0.022913774502123452, 0.030850964931793765, 0.016039135767777272]], "13": [[2.5152873235294115, 3.5988762857142853, 4.408497428571427], [0.2857142857142857, 0.22950819672131148, 0.175], [0.02280821012562505, 0.03195313225759669, 0.015706884816927787]], "14": [[2.5381685999999997, 3.60238416, 4.398283046728973], [0.18115942028985507, 0.18115942028985507, 0.19384057971014493], [0.014715295234497263, 0.020810570094950208, 0.010488873176140027]], "timestep": 100}
{"0": [[2.511247327586206, 3.591783727272729, 4.402310102803735], [0.21014492753623187, 0.24087591240875914, 0.19349005424954793], [0.014944142631799277, 0.02135169617571327, 0.010477355512240837]], "1": [[2.54489975, 3.604133964285713, 4.407344412280702], [0.18840579710144928, 0.20437956204379562, 0.20614828209764918], [0.014786486850354998, 0.021162782339578468, 0.010541238948676495]], "2": [[2.5408074259259257, 3.5977091200000006, 4.394347280373832], [0.1956521739130435, 0.18248175182481752, 0.19349005424954793], [0.014848011576209297, 0.020905882158453272, 0.010477355512240837]], "3": [[2.5363642413793097, 3.584951, 4.4012587706422], [0.21014492753623187, 0.15328467153284672, 0.19710669077757687], [0.014944142631799277, 0.020353464333946296, 0.010497567854030056]], "4": [[2.5298148518518513, 3.6007636666666656, 4.391895198275864], [0.1956521739130435, 0.21897810218978103, 0.20976491862567812], [0.014848011576209297, 0.021271186875192537, 0.010556072061018598]], "5": [[2.5658353424657534, 3.514337968750003, 4.404080226027397], [0.21282798833819241, 0.1787709497206704, 0.2106782106782107], [0.013418000702852617, 0.018240569568079245, 0.009432849330291763]], "6": [[2.5587529705882357, 3.596479062500001, 4.409862677419352], [0.19825072886297376, 0.1787709497206704, 0.17893217893217894], [0.013336899039575092, 0.018240569568079245, 0.009271512600281398]], "7": [[2.5808222799999996, 3.5701478108108065, 4.402324027586204], [0.21865889212827988, 0.20670391061452514, 0.20923520923520925], [0.013442083627329722, 0.01853213791684948, 0.009427849999869835]], "8": [[2.514853536231884, 3.598335236842103, 4.406519656934307], [0.20116618075801748, 0.2122905027932961, 0.1976911976911977], [0.013355609497205267, 0.018570729891126368, 0.009380231244438902]], "9": [[2.5464477567567574, 3.5604548999999985, 4.403000323529412], [0.20555555555555555, 0.2222222222222222, 0.18888888888888888], [0.018471918655824884, 0.02626612053578511, 0.012950823804753216]],